{
  "ReRoutes": [
    {
      "DownstreamPathTemplate": "/api/{version}/{everything}",
      "DownstreamScheme": "http",
      "DownstreamHostAndPorts": [
        {
          "Host": "catalog.api",
          "Port": 80
        }
      ],
      "UpstreamPathTemplate": "/api/{version}/catalog/{everything}",
      "UpstreamHttpMethod": [ "POST", "PUT", "GET" ]
    },
    {
      "DownstreamPathTemplate": "/api/{version}/{everything}",
      "DownstreamScheme": "http",
      "DownstreamHostAndPorts": [
        {
          "Host": "masterdata.api",
          "Port": 80
        }
      ],
      "UpstreamPathTemplate": "/api/{version}/masterdata/{everything}",
      "UpstreamHttpMethod": [ "POST", "PUT", "GET" ]
    }
  ],
  "GlobalConfiguration": {
    "RequestIdKey": "OcRequestId",
    "AdministrationPath": "/administration"
  }
}